url,source,product_name,brand,price,rating,review_count,ingredients,hazards_and_cautions,product_details,how_to_use,country_of_origin,product_id
https://www.boots.com/clinique-moisture-surge--active-glow-serum-50ml-10355378,Boots,Clinique Moisture Surge™ Active Glow Serum 50ml,Clinique Moisture Surge,66.00,,,"Skip to navigation
Skip to content
Skip to search


Message Dialog






Maximum basket size reached


Out of stock





placeholder...









Display Update Message








[ 
	
						{
						""catentry_id"" : ""3068095"",
						""Attributes"" :	{
							
							},
							
							
							
									""ItemImage"" : ""/wcsstore/eBootsStorefrontAssetStore/images/NoImageIcon.jpg"",
									""ItemImage467"" : ""/wcsstore/eBootsStorefrontAssetStore/images/NoImageIcon.jpg"",
									""ItemThumbnailImage"" : ""/wcsstore/eBootsStorefrontAssetStore/images/NoImageIcon.jpg""
									
						} ]











          x  Select your shipping destination  Never be without your favourite Boots products with our international delivery options.   Austria Balearic Islands Belgium Bulgaria Canada Czech Republic Denmark Estonia Finland France Germany Greece Hungary Ireland Italy   Latvia Lithuania Luxembourg Monaco Netherlands Norway Poland Portugal Romania Slovakia Slovenia Spain (Mainland) Sweden UK (including BFPO) USA   Find out more about international delivery Country specific sites Boots has products available in other retail outlets in a number of countries, select from the country-specific sites below to find out more:   Bahrain Hong Kong Kuwait Qatar   Saudi Arabia Singapore Thailand United Arab Emirates                          No7 You won't want to miss this!Discover more                                               Boots Health Hub Advice, products & serviceswith you in mind                    Boots Free Online NHS Repeat Prescription Service                                                Boots Health Hub Advice, products & serviceswith you in mind                                                 Price Advantage Unlock exclusive offers with your Advantage Card                           Price Advantage Unlock exclusive offers with your Advantage Card                           No7 NEW Pro Artist CollectionShop now                                                  Ship to       Find a store      Help       Mobile Burger Menu Icon    Find a store        Mobile search            Menu     My account     Order history     Favourites     Log out      Log in/register    Sign up for BootsAdvantage Card      Boots  Advantage Card      worth of Advantage Card points             Shop by department         Shop by department     mother's day        mother's day     visit mother's day     shop all mother's day gifts           health & pharmacy        health & pharmacy     visit health & pharmacy     health offers        vitamins & supplements        vitamins & supplements     visit vitamins & supplements        pharmacy medicines        medicines & treatments        medicines & treatments     visit medicines & treatments        sexual pleasure & wellbeing        sexual pleasure & wellbeing     visit sexual pleasure & wellbeing        new in health        baby & child health        baby & child health     visit baby & child health        men's health        men's health     visit men's health        women's health        women's health     visit women's health        travel health        travel health     visit travel health        incontinence        incontinence     visit incontinence        health value packs & bundles        health value packs & bundles     visit health value packs & bundles        electrical health & diagnostics        electrical health & diagnostics     visit electrical health & diagnostics        mobility & daily living aids        mobility & daily living aids     visit mobility & daily living aids        lifestyle & wellbeing        lifestyle & wellbeing     visit lifestyle & wellbeing        reusable & disposable face masks        COVID-19 Information Products & Testing        COVID-19 Information Products & Testing     visit covid-19 information products & testing           beauty & skincare        beauty & skincare     visit beauty & skincare     Boots beauty store        new in beauty        No7        No7     visit no7        brands        skincare        skincare     visit skincare        makeup        makeup     visit makeup        premium beauty & skincare        premium beauty & skincare     visit premium beauty & skincare        hair        hair     visit hair        accessories        accessories     visit accessories        trending on social        black-founded & inclusive brands        black-founded & inclusive brands     visit black-founded & inclusive brands        travel size beauty minis        virtual beauty        beauty value packs & bundles        vegan beauty        beauty awards        beauty awards     visit beauty awards        top 10        top 10     visit top 10        beauty boxes           fragrance        fragrance     visit fragrance     shop all fragrance        fragrance offers        fragrance offers     visit fragrance offers        perfume        perfume     visit perfume        aftershave        aftershave     visit aftershave        fragrance gift sets        fragrance gift sets     visit fragrance gift sets        fragrance finder        5* rated perfumes & aftershaves        niche fragrance        luxury fragrance        brands        unisex fragrance        new in fragrance        home fragrance        home fragrance     visit home fragrance        recommended        recommended     visit recommended        elixir fragrances        celebrity fragrance        vegan fragrance           baby & child        baby & child     visit baby & child     baby event        clothing        clothing     visit clothing        Boots Parenting Club        baby & child offers        baby value packs & bundles        travel        travel     visit travel        nursery & bedding        nursery & bedding     visit nursery & bedding        feeding        feeding     visit feeding        nappies, wipes & bathing        nappies, wipes & bathing     visit nappies, wipes & bathing        pregnancy & maternity        pregnancy & maternity     visit pregnancy & maternity        baby & child health        baby & child health     visit baby & child health        toys        toys     visit toys        sustainable baby        new in baby & child        Nursery Advice Service           electrical        electrical     visit electrical     electrical offers        all electrical        hair styling tools        hair styling tools     visit hair styling tools        electrical dental        electrical dental     visit electrical dental        female hair removal tools        female hair removal tools     visit female hair removal tools        male grooming tools        male grooming tools     visit male grooming tools        beauty tools        beauty tools     visit beauty tools        electrical wellbeing        electrical wellbeing     visit electrical wellbeing        electrical health & diagnostics        electrical health & diagnostics     visit electrical health & diagnostics        Boots Kitchen Appliances        Boots Kitchen Appliances     visit boots kitchen appliances        audio & visual tech        audio & visual tech     visit audio & visual tech        smart watches        smart watches     visit smart watches        fans heaters & humidifiers        home appliances & accessories        home appliances & accessories     visit home appliances & accessories        new in electrical        recycle your electricals           trending on social        new in        new in     visit new in     new in skincare        new in beauty        new in clothing        new in fragrance        new in baby & child        No7 new in        new in hair        new in electrical        new in health        new in toiletries        new in diet & weight management           sun & holiday        sun & holiday     visit sun & holiday     holiday value packs & bundles        suncare        suncare     visit suncare        fake & gradual tan        fake & gradual tan     visit fake & gradual tan        travel toiletries        travel health        travel health     visit travel health        travel accessories        travel accessories     visit travel accessories        kids travel        festival        festival     visit festival        sunglasses        sunglasses     visit sunglasses        travel insurance        staycation essentials        outdoor living           wellness        wellness     visit wellness     vegan        vegan     visit vegan        immunity & protection        vitamins & supplements        vitamins & supplements     visit vitamins & supplements        sexual pleasure & wellbeing        sexual pleasure & wellbeing     visit sexual pleasure & wellbeing        sleep        sleep     visit sleep        everyday stress        diet & weight management        diet & weight management     visit diet & weight management        sports nutrition        sports nutrition     visit sports nutrition        fitness equipment & activity trackers        fitness equipment & activity trackers     visit fitness equipment & activity trackers        alternative therapies        alternative therapies     visit alternative therapies        stop smoking aids        stop smoking aids     visit stop smoking aids        stop vaping aids        digestive health        energy support        food & drink        food & drink     visit food & drink        sustainability at Boots        sustainability at Boots     visit sustainability at boots        beauty supplements        fitness watches & activity trackers        recipe books & accessories        all vegan products        trending in wellness        wellness inspiration           toiletries        toiletries     visit toiletries     sustainable bathroom essentials        new in toiletries        toiletries offers        toiletries value packs & bundles        hair        hair     visit hair        dental        dental     visit dental        bathroom essentials        bathroom essentials     visit bathroom essentials        deodorants & antiperspirants        deodorants & antiperspirants     visit deodorants & antiperspirants        travel toiletries        period products        period products     visit period products        luxury bath & body        luxury bath & body     visit luxury bath & body        men's toiletries        men's toiletries     visit men's toiletries        fake & gradual tan        fake & gradual tan     visit fake & gradual tan        female hair removal        female hair removal     visit female hair removal        skincare        skincare     visit skincare        incontinence        incontinence     visit incontinence        suncare        suncare     visit suncare           men's        men's     visit men's     new in men's        men's toiletries        men's toiletries     visit men's toiletries        men's value packs & bundles        shaving & grooming        shaving & grooming     visit shaving & grooming        men's skincare & body        men's skincare & body     visit men's skincare & body        male grooming tools        male grooming tools     visit male grooming tools        male incontinence        male incontinence     visit male incontinence        men's health        men's health     visit men's health        aftershave        aftershave     visit aftershave        men's gift sets           homeware        homeware     visit homeware     home appliances & accessories        home appliances & accessories     visit home appliances & accessories        nursery furniture        bedding        bedding     visit bedding        mobility & daily living aids        mobility & daily living aids     visit mobility & daily living aids        fans heaters & humidifiers        home furnishings & accessories        home furnishings & accessories     visit home furnishings & accessories        fitness equipment & activity trackers        fitness equipment & activity trackers     visit fitness equipment & activity trackers        audio & visual tech        audio & visual tech     visit audio & visual tech        outdoor living        pet supplies & accessories        pet supplies & accessories     visit pet supplies & accessories        laundry           opticians        opticians     visit opticians     book an eye test        opticians offers        opticians offers     visit opticians offers        glasses frames        glasses frames     visit glasses frames        glasses lenses        glasses lenses     visit glasses lenses        contact lenses        contact lenses     visit contact lenses        Boots optician sunglasses        Boots optician sunglasses     visit boots optician sunglasses        hearingcare        brands A-Z           photo        photo     visit photo     photo offers        photo printing        photo printing     visit photo printing        albums & frames        albums & frames     visit albums & frames        audio & visual tech        audio & visual tech     visit audio & visual tech        novelty photo gifts           gift        gift     visit gift     advent calendars        all gifts        gifts for her        gifts for her     visit gifts for her        gifts for him        gifts for him     visit gifts for him        gift finder        eid gifts        home fragrance        home fragrance     visit home fragrance        gifts for grandmothers        experience days        experience days     visit experience days        luxury gifts        gifts for kids        gifts under £5        gifts under £10        gifts under £20        personalised photo gifts        birthday gifts        gift cards        gift type        gift type     visit gift type        gift by recipient        gift by recipient     visit gift by recipient        gift by occasion        gift by occasion     visit gift by occasion        vegan gifts           brand A-Z           Prescriptions         Prescriptions     NHS repeat prescriptions made easy        prescription support        prescription support     visit prescription support     nominate a pharmacy        prescription delivery service        text message service        late night pharmacy        NHS prescriptions        private one-off prescriptions        support from your local pharmacy        support with your medication        Boots online prescriptions FAQs        prescription FAQs           check medicine availability        NHS services        NHS services     visit nhs services     NHS Pharmacy First        NHS Blood Pressure Checking Service        NHS New Medicine Service        NHS Substance Dependency Service        NHS Discharge Medicines Review (Wales)        NHS Discharge Medicines Service (England)        NHS Minor Ailment Scheme        NHS Stop Smoking Service        Practice Plus              Health hub         Health hub     health hub        health hub     visit health hub     A - Z health conditions        A - Z health conditions     visit a - z health conditions        A - Z health services        A - Z health services     visit a - z health services        men's health        men's health     visit men's health        sexual health        sexual health     visit sexual health        digestive health advice        digestive health advice     visit digestive health advice        skin health advice        skin health advice     visit skin health advice        women's health        women's health     visit women's health        mental health support        mental health support     visit mental health support        living well        living well     visit living well        travel health advice        travel health advice     visit travel health advice        childrens health        childrens health     visit childrens health        seasonal health        seasonal health     visit seasonal health        heart health        heart health     visit heart health        vitamins & supplements        vitamins & supplements     visit vitamins & supplements        pain        pain     visit pain        footcare        footcare     visit footcare        oral health        oral health     visit oral health        eye health        services           A - Z health services        A - Z health services     visit a - z health services     private covid 19 vaccination        NHS Pharmacy First        Health MOT        acne online treatment        Chickenpox Vaccination Service        cystitis treatment        depression and anxiety treatment        diabetes in store service        ear wax removal        eczema treatment        erectile dysfunction treatment        hair loss online treatment        hayfever treatment        Malaria Prevention Service        menopause & HRT treatment        morning after pill (emergency hormonal contraception)        NHS pharmacy contraception services        period delay online treatment        Pneumonia Vaccination Service        private blood pressure check service        respiratory syncytial virus service        sexual health testing kits        Shingles Vaccination Service        stop smoking online treatment        weight loss treatment           NHS Pharmacy First        Boots online doctor        Boots online doctor     visit boots online doctor     mens health        mens health     visit mens health        womens health        womens health     visit womens health        general health        general health     visit general health        acne & skin conditions        acne & skin conditions     visit acne & skin conditions        sexual health        sexual health     visit sexual health        testing services        testing services     visit testing services           appointment booking        Winter Flu Jab Service        opticians        opticians     visit opticians     book an eye test        Complete Satisfaction Guarantee        Opticians Glasses Cover        opticians FAQs        opticians store locator        opticians terms & conditions           hearingcare        Boots for business        Boots for business     visit boots for business     Corporate Flu Vaccination Service        Corporate COVID-19 Lateral Flow Testing Service        Corporate COVID-19 Vaccination Service        Corporate Hepatitis A Vaccination Service        Corporate Hepatitis B Vaccination Service        Corporate Pneumonia Vaccination Service        Boots Care Services        Corporate DTP Vaccination Service        corporate travel health        Hospital Outpatient Pharmacies        Corporate Giftcards           vaccinations & travel        vaccinations & travel     visit vaccinations & travel     private covid 19 vaccination        Winter Flu Jab Service        travel vaccinations        Chickenpox Vaccination Service        HPV Vaccination Service        Pneumonia Vaccination Service        Shingles Vaccination Service        MenB Vaccination Service        MenB Vaccination Service     visit menb vaccination service        Malaria Prevention Service        Travel Vaccination Quick Check Tool        England COVID-19 spring booster vaccination service        Northern Ireland Covid Vaccination Service           clinical trials        macmillan & cancer support        macmillan & cancer support     visit macmillan & cancer support     Boots Macmillan Beauty Advisors        Boots Macmillan Information Pharmacist        Support & Charity Fundraising              Inspire Me         Inspire Me     Health & Beauty        beauty & skincare        beauty & skincare     visit beauty & skincare     beauty edits        beauty edits     visit beauty edits        fake tan        fake tan     visit fake tan        hair        hair     visit hair        hair removal        hair removal     visit hair removal        makeup        makeup     visit makeup        nails        nails     visit nails        skincare        skincare     visit skincare        virtual beauty           wellness        wellness     visit wellness     healthy lifestyle        healthy lifestyle     visit healthy lifestyle        life balance        life balance     visit life balance        nutrition        nutrition     visit nutrition        sleep        sleep     visit sleep        stop smoking advice        stop smoking advice     visit stop smoking advice        women        women     visit women           health        health     visit health     allergy & hayfever        baby & child health        baby & child health     visit baby & child health        cold & flu        cold & flu     visit cold & flu        coronavirus (COVID-19)        coronavirus (COVID-19)     visit coronavirus (covid-19)        diabetes        digestion & gut health        eyes & vision        eyes & vision     visit eyes & vision        fertility & conception        first aid advice        first aid advice     visit first aid advice        footcare        footcare     visit footcare        general health        general health     visit general health        hair loss        hair loss     visit hair loss        men's health        men's health     visit men's health        pain management        pain management     visit pain management        sexual health        sexual health     visit sexual health        skincare        skincare     visit skincare        travel advice        travel advice     visit travel advice        vitamins & supplements        vitamins & supplements     visit vitamins & supplements        women's health        women's health     visit women's health           skincare diagnostic tool        Christmas gift guide        Christmas gift guide     visit christmas gift guide     sleigh your Christmas gifting with these NEW & trending beauty picks        a grotto full of Christmas gifts for every interest        best Christmas gifts for £5 & under: small budgets, big joy        Christmas gifts for £10 & under: save & sleigh this season        Christmas gifts for £15 & under: get festive season sorted        top Christmas gifts for £20 & under: 'tis the season for saving        best Christmas gifts for £30 & under: check off everyone on your list        the best last-minute Christmas gifts 2024        the perfect Christmas stocking fillers        our best Secret Santa gifts for colleagues, friends or family        best Christmas gifts for her: tick off all the ladies on your list        tick off your list with our best-in-snow gifts for him        best Christmas gifts for kids: sprinkle the magic, no matter the budget        11 Christmas gifts for mum, whatever your budget        10 best Christmas gifts for dads        ‘tis the season to sparkle: party make-up tutorial        get them glow-ho-ho-ing this season: the best Christmas skincare gifts        presents with a purpose: alternative Christmas gift ideas        sleigh the season with our go-to gift guide for her        unwrap the best gifts of 2024: our top picks from the Boots Christmas Gift Guide        8 last-minute gifts for everyone on your list        influencers’ top beauty picks this Christmas        deck the ‘hauls’ with our top 10 beauty gift sets        accessible gift guide        10 on-trend gifts for teens        our recipe for the ultimate Christmas party look        party prep: our step-by-step guide to nailing your New Year’s Eve look           fragrance        fragrance     visit fragrance     best wedding perfumes, according to a fragrance expert        8 of the best spring fragrances that will attract all the compliments        felicity hayward: my life in fragrance        fragrance hints & tips        how to apply perfume: tips to make it last longer        how to buy fragrance        How to do perfume layering – and 10 of the best body lotions to give this Christmas        i’m a beauty editor who loves celebrity perfume – here’s why you should too        scent profile: how to choose the right perfume for you and others        the Boots guide to 10 perfect perfumes        fragrance finder        the Boots guide to the top 8 men’s aftershaves        we tried Lancôme’s latest fragrance & it’s the perfect gift for Mother’s Day           baby & child        baby & child     visit baby & child     Boots Parenting Club        baby        baby     visit baby        buyer's guides        buyer's guides     visit buyer's guides        new parent        new parent     visit new parent        newborn        newborn     visit newborn        pregnancy & maternity        pregnancy & maternity     visit pregnancy & maternity        premature baby advice        premature baby advice     visit premature baby advice        toddler        toddler     visit toddler           electrical        electrical     visit electrical     choosing your IPL system        our 6 top picks for hair straighteners        the 7 best curling wands for 2024        the Boots guide to the best electric beauty tools        the Boots guide to the best electric shavers        the Boots guide to the best hair dryers        the Boots guide to the best hair stylers           opticians advice        opticians advice     visit opticians advice     opticians coronavirus advice        caring for your glasses        children's eyes        children's eyes     visit children's eyes        contact lenses        contact lenses     visit contact lenses        eye health & conditions        eye health & conditions     visit eye health & conditions        eye test information        eye test information     visit eye test information        glasses lenses guide        Varifocal Lenses explained        Varilux Varifocal Lenses        glasses style        glasses style     visit glasses style        how to be more eco-friendly with your eyewear        Klarna pay in 3        sunglasses        sunglasses     visit sunglasses           sun & holiday        sun & holiday     visit sun & holiday     summer beauty        summer beauty     visit summer beauty        sun care        sun care     visit sun care           gifting        gifting     visit gifting     5 perfume discovery sets that will transform the way you shop for fragrances        8 fragrances to transport you to sunnier climates        10 of the best gifts for lunar new year        10 of the best self-care gifts to help wellbeing        10 of the best winter fragrances that will turn heads        10 of our best gifts for Diwali        10 great graduation gifts for her that she’s certain to love        12 brilliant bridesmaid gift ideas for all budgets        12 of the best baby shower gifts        13 thoughtful wedding day gifts for all budgets        14 of the best anniversary gifts you can find at Boots        a match made in heaven: Valentine’s Day gifts for every interest        Boots guide to the best gifts for dads who have everything        Boots guide to the best graduation gifts        Boots guide to the best perfumes for mums        fall in love with these five Valentine’s Day picks        Gift ideas for a chemo care hamper        gifts for mum: your ultimate gift guide for any occasion        give the gift of glam this Mother’s Day        guide to the best housewarming gifts        how to create the ultimate pamper hamper this Mother’s Day        Mother’s Day gifts for every budget        our top gift ideas for Easter        our top gift ideas for Eid        the best 30th birthday beauty gifts to buy at Boots        the best 40th birthday gifts for her        the best gift experiences for couples        the best gifts for new parents        The Boots going to uni gift guide        best photo gift ideas        the Boots guide to the best birthday gifts        the Boots guide to the best engagement gifts        The Boots guide to the best first Mother’s Day gifts        the Boots guide to the best Galentine’s Day gift ideas        the Boots guide to the best home fragrance gift ideas        The Boots guide to the best Valentine’s Day gifts        The Boots guide to thoughtful gifts for mums who have everything           Boots Beauty Specialists        recycle at Boots           Offers         Offers     offers        free next day delivery        best for less        best for less     visit best for less     everyday essentials £2 and under           sale        sale     visit sale     gift        fragrance        beauty        baby        electrical        premium beauty        health        toiletries           clearance        £10 Tuesday        savings        savings     visit savings     haircare savings        toiletries savings        beauty savings        electrical beauty savings        fragrance savings        No7 savings        baby and child savings        healthcare savings        skincare savings           value packs & bundles        value packs & bundles     visit value packs & bundles     all value packs & bundles        health value packs & bundles        health value packs & bundles     visit health value packs & bundles        toiletries value packs & bundles        baby value packs & bundles        hair value packs and bundles        hair value packs and bundles     visit hair value packs and bundles        beauty value packs & bundles        premium value packs & bundles        electrical value packs & bundles        men's value packs & bundles        holiday value packs & bundles        bigger packs and sizes           fragrance offers        fragrance offers     visit fragrance offers     save £15        save up to half price        free gifts        everyday low prices        clearance           electrical offers        skincare offers        makeup offers        seasonal events        seasonal events     visit seasonal events     back to school        back to school     visit back to school        christmas        christmas     visit christmas        black friday        black friday     visit black friday        mother's day        mother's day     visit mother's day        father's day        father's day     visit father's day        valentine's day        valentine's day     visit valentine's day        halloween        halloween     visit halloween        Children in Need        eid gifts        love island        love island     visit love island           health offers        baby & child offers        toiletries offers        photo offers        opticians offers        opticians offers     visit opticians offers     Klarna pay in 3        free contact lens trial        great value glasses        NHS eye care        offers for students        offers for over 60s              No7         No7     No7        No7     visit no7     No7 future renew        No7 future renew     visit no7 future renew        No7 shop all        age-defying day cream        age defying serums        No7 bestsellers        No7 new in        No7 skincare        No7 skincare     visit no7 skincare        No7 makeup        No7 makeup     visit no7 makeup        No7 better than half price collections        No7 mens        No7 mens     visit no7 mens        No7 suncare & fake tan        No7 bath & body        No7 accessories        No7 gifts        No7 gifts     visit no7 gifts        No7 bundles        No7 advice        No7 advice     visit no7 advice           No7 gifts        No7 gifts     visit no7 gifts     No7 Beauty Calendars           No7 shop all        No7 future renew        No7 future renew     visit no7 future renew     discover no7 skin future renew           No7 skincare        No7 skincare     visit no7 skincare     No7 future renew        No7 future renew     visit no7 future renew        No7 Beauty Calendars        derm solutions        derm solutions     visit derm solutions        no7 personalised skin analysis        no7 personalised skin analysis     visit no7 personalised skin analysis        no7 online beauty services        no7 online beauty services     visit no7 online beauty services        protect & perfect        lift & luminate        restore & renew        laboratories        retinol range        hydraluminous range        No7 mens        No7 mens     visit no7 mens        early defence        anti-ageing serums        anti-ageing skincare        Radiance+        advanced ingredients        No7 moisturisers        cleansers & toners        face masks           No7 makeup        No7 makeup     visit no7 makeup     No7 Pro Artist        No7 shop all makeup        no7 online beauty services        no7 online beauty services     visit no7 online beauty services        Stay Perfect        foundation        foundation analysis        face        eyes        lips        nails        mascaras        brows           No7 bestsellers        No7 bundles        No7 new in        No7 mens        No7 mens     visit no7 mens     No7 Men's Energising           No7 accessories        No7 bath & body        No7 advice        No7 advice     visit no7 advice     our mission        find your perfect no7 skincare regime        find your perfect no7 skincare regime     visit find your perfect no7 skincare regime        no7 foundation analysis        find your perfect No7 serum        discover No7 Advanced Retinol        discover No7 Advanced Retinol     visit discover no7 advanced retinol        no7 waiting list        discover no7 laboratories        discover no7 line correcting booster serum        discover no7 advanced ingredients capsules        no7 beauty how to videos        no7 beauty how to videos     visit no7 beauty how to videos        no7 x Macmillan        no7 x Macmillan     visit no7 x macmillan        no7 beauty appointments        no7 beauty appointments     visit no7 beauty appointments        no7 personalised skin analysis        no7 personalised skin analysis     visit no7 personalised skin analysis           No7 better than half price collections                 Search  Search     Search    Search    Suggested keywords     Matching products   View all products (0)           Core UI/2. Atoms/Icons/24px/Navigation & Action/OKItem added to your basketTotal (0 items)Excludes deliveryVIEW BASKETCHECKOUT NOW







x
Unable to process your request

				Sorry, we're unable to find stores near that location. Please try again or use a different postcode or place name.				
			




















Save up to 20% on selected fragrance. Online & in-store. Hurry, don't miss this offer!
SHOP NOW











Clinique Moisture Surge™ Active Glow Serum 50ml




 































Log in/register
xClose dialog box
Please log in to your account to add products to your favourites.


Log in/register





















offer

Use + and - keys to zoom in and out, escape key to reset, arrow keys to change image in reset state or move the zoomed portion of the image







Clinique Moisture Surge™ Active Glow Serum 50ml




Clinique Moisture Surge Active Glow Serum 50ml
      4.3 out of 5 stars, average rating value. Read 6 Reviews.
      Same page link.4.3 (6)Write a review



£66.00
9127526

	66.00
     

50 ML | £132.00 per 100ML




















						Free Gift when you spend £55 on selected Clinique - online only, whilst stocks last
						

 



x
















Please choose a colour or size before adding this product to your favourites.






















 x

Pharmacy product  

In order to buy non-prescription medicines you must be a registered user of our site as we are obliged to record your transaction history. We also ask that you complete our questionnaire so our pharmacy team can check that this product is suitable for you to buy. 


Log in / register 


Cancel












       			x
       		


Will you be claiming the VAT back?

Disabled or chronically sick people can claim VAT relief on purchases for personal or domestic use that are applicable to their disability or sickness.


Yes


No




















Maximum quantity reached





in your basket






											Add to basket
										



x
Are you sure you want to remove this product?

 Yes
										

											No
										










In stock
							


 Stock coming soon  This product is temporarily unavailable online. Use ‘Find in store’ below to see if it’s in stock near you. 




















			Collect 198 points with this purchase
			












Check store stock overlay
Please use this overlay to check for product availability



xClose dialog box


Find in store

















Enter postcode or place name

Use my location
Check





We've found one or more places that match your search. Please select the correct area:


						Results for ''
					


View nearest stores with stock








Stores
Distance
Availability
































Prices may vary depending on the store. Availability is an indication only and is updated every 30 minutes.









		Find in store
	

























Your free gift









Your free gift



Free Gift when you spend £55 on selected Clinique - online only, whilst stocks last
											
Clinique 6-Piece Beauty Gift Set Gift With Purchase
	9150455





View free gift























Exclusive to Boots





		Product details
		



A first-ever serum from our most-loved Moisture Surge. Formulated with powerful actives, this glow serum exfoliates, hydrates, and brightens the look of skin for an instant and continuous glow.Dermatologist tested. Safe for sensitive skin. Allergy tested. 100% fragrance free.ConcernDry SkinBenefitsExfoliates, hydrates, brightensSkin TypesAllDetailsPowerful ways to glowExfoliates: Helps promote skin’s natural surface cell turnover to reveal fresher-looking, smoother-feeling skin. Exfoliation is known to help other ingredients absorb more easily.Hydrates: Plumps up skin with hydration.Brightens: Helps boost skin’s glow.Lightweight, milky textureThis refreshing, hydrating serum sinks right into skin. Layers well with moisturiser and under makeup.Results100% had a boost in skin radiance.*97% show an instant boost in hydration.*93% say skin feels smoother.**93% say the product is gentle and non-irritating.***91% agree this product pairs well with my moisturizer.*****Testing on 31 women after using the product once.**Consumer testing on 165 women after 2 weeks of product use.***Consumer testing on 165 women after 1 week of product use.****Consumer testing on 105 women after 2 weeks of product use.Key Ingredients5% lactic acidHelps exfoliate dulling dead skin cells, helping actives to better sink in.Hyaluronic acidThis hyaluronic acid serum is moisture-binding ingredient helps infuse skin with plumping hydration.Vitamin CThis vitamin C serum helps brighten the look of skin.Formula FactsDermatologist testedSafe for sensitive skinTested on all skin tonesAllergy testedFragrance freeNon-comedogenicFree OfFragranceOilSodium lauryl sulfateSodium laureth sulfateDrying alcohol




How to use
How To UseUse morning and night on clean skin. Start with 3 drops, adding more if preferred.Use sunscreen and limit sun exposure while using and the week after.


Hazards and Cautions
-


Important info
Country of Origin: United KingdomAddress: UK: Whitman LB Ltd, Bedford Road, Petersfield, Hampshire, GU32 3DD, UK, 08000746905, contactmanufacturer@elcompanies.comEU: Whitman LBS NV, Nijverheidstraat 15 - 2260 Oevel - BE, +3225882642, contactmanufacturer@elcompanies.com


Ingredients
Water\Aqua\Eau, Glycerin, Lactic Acid, Octyldodecyl Myristate, Butylene Glycol, Bis-Peg-18 Methyl Ether Dimethyl Silane, Dimethicone, Ppg-24-Glycereth-24, Sodium Hydroxide, Hydrogenated Lecithin, Glycereth-26, Polysorbate 80, Sodium Hyaluronate, Caffeine, Aloe Barbadensis Leaf Water, C13-14 Isoparaffin, Sodium Polyaspartate, Trehalose, Sodium Stearoyl Glutamate, Glycyrrhetinic Acid, Sucrose, Laureth-7, Xanthan Gum, Dimethicone/Peg-10/15 Crosspolymer, Polyacrylamide, Tocopheryl Acetate, Magnesium Ascorbyl Phosphate, Bht, Disodium Edta, Phenoxyethanol, Potassium Sorbate, Mica, Titanium Dioxide (Ci 77891), Iron Oxides (Ci 77491)



...read more
...read less















Delivery options

Click & Collect
£1.50 or free if you spend £15 or more from your choice of 1,800 stores.

Standard Delivery
£3.95 or free when you spend £25 or more.


Next Day Delivery
Order by 10pm (subject to change during promotions), available 7 days a week for £4.95. This may not be available during public holidays or weekends in between public holidays.  To be eligible for Next Day Delivery, Pharmacy Medicines must be ordered by 8pm.


Airport Click & Collect
£4.50 - Select a delivery date 3 days before your flight.


Named Day Delivery
£4.75 - choose a weekday within the next 14 days for delivery.


 For more information see our delivery help or view our returns policy.






























































































 

 





















































 


shopping with us


							shopping with us
						



A-Z Brands


A-Z Store


Boots Advantage Card


Boots app


sitemap







customer services


							customer services
						



help & FAQs


delivery information


returns & exchange


product recall


contact us







about Boots


							about Boots
						



company information


environmental, social & governance


modern slavery & human trafficking


careers


privacy & cookies


terms & conditions


accessibility













 



Our partner sites















We accept
                                                                                   


Copyright © The Boots Company PLC. All rights reserved. Boots.com is a trading name of Boots UK Limited. Registered office: Nottingham NG2 3AA.Registered in England: company number 928555. Registered VAT number 116300129. For details of Boots online pharmacy services see 
Using Our Pharmacy Services page.",-,"Your free gift









Your free gift



Free Gift when you spend £55 on selected Clinique - online only, whilst stocks last
											
Clinique 6-Piece Beauty Gift Set Gift With Purchase
	9150455





View free gift",How To Use,heaven,50
https://www.boots.com/dior-capture-day-cream-ritual-10359124,Boots,DIOR Capture Day Cream Ritual,,107.00,,,Hyaluronic Acid,"To be stored in a dry, cool environment out of direct sunlight. Keep out of the reach of children and pets.","Get visibly firmer, younger-looking skin with this Dior Capture skincare trio for the face and neck, featuring two NEW additions to the collection. Treat your skin to the benefits of a high-performance anti-aging ritual in just 3 steps:- Capture Totale Intensive Essence Lotion, 50 ml. A face and neck lotion, to help even the texture and strengthens the skin barrier. Infused with two types of hyaluronic acids, it visibly plumps skin and helps restore radiance.- NEW Dior Capture Le Sérum, 10 ml. It's formula encapsulates the NEW OX-C Treatment with it's proven replenishing powers, revitalising lily extract and a dipeptide with firming properties. Upon application, the NEW serum gives skin an instant tensing effect. Day after day, wrinkles are replenished and skin appears firmer, for visibly younger-looking skin.- NEW Dior Capture Day Creme, 50 ml. The day cream’s formula also features NEW OX-C Treatment with replenishing powers, revitalising lily extract and a dipeptide with firming properties, as well as a combination of polymers and a duo of hyaluronic acids for an instant sculpting and plumping effect.",1. Begin by applying Capture Totale Intensive Essence Lotion.2. Continue the ritual with NEW Dior Capture Le Sérum.3. Complete the ritual with NEW Dior Capture Day Cream.,heaven,10359124
https://www.boots.com/lancome-genifique-face-set-star-gift-10357919,Boots,Lancôme Génifique Glow Getters Star Gift Set,Lanc,44.00,,,Please see back of pack for the latest ingredients list,No specific precautions for use are required for this product under normal or reasonably foreseeable conditions of use.,"Lancôme Génifique Glow Getters Gift Set3 makeup and skincare essentials for the ultimate glow with our exclusive Lancôme Génifique Glow Getters Gift Set.Reverse visible skin damage* & elevate your look with our face and eye trio, including our Génifique Ultimate Serum.- Lancôme Génifique Ultimate Face Serum reverses visible skin damage*.- Discover the power of Lancôme's Lash Idôle mascara that targets every single lash for instant lift, length and fanned-out volume with no clumps.- Care-in-glow with our Lancôme Lip Idôle Butterglow Lip Balm in a universal shade for instant shine, instant supercharged hydration and overtime skin barrier repair.This gift set contains: 1x Lancôme Génifique Ultimate Serum, 20ml1x Lancôme Lash Idole Mascara 01 Black, 2.5ml1x Lancôme Lip Idole Butterglow 1, 1.5ml*Appearance of fine lines and wrinkles, smoothness & skin quality.",Please refer to back of box.,heaven,10357919
